<?xml version="1.0" encoding="UTF-8"?>
<DEFECTS>
  <DEFECT>
    <SFA>
      <FILEPATH>e:\qt\qt5.8.0\5.8\msvc2015_64\include\qtgui\</FILEPATH>
      <FILENAME>qpixelformat.h</FILENAME>
      <LINE>220</LINE>
      <COLUMN>54</COLUMN>
    </SFA>
    <DEFECTCODE>6326</DEFECTCODE>
    <DESCRIPTION>可能会对两个常量进行比较。</DESCRIPTION>
    <FUNCTION>QPixelFormat::resolveByteOrder</FUNCTION>
    <DECORATED>?resolveByteOrder@QPixelFormat@@CA?AW4ByteOrder@1@W421@@Z</DECORATED>
    <FUNCLINE>219</FUNCLINE>
    <PATH></PATH>
  </DEFECT>
  <DEFECT>
    <SFA>
      <FILEPATH>e:\qt\qt5.8.0\5.8\msvc2015_64\include\qtcore\</FILEPATH>
      <FILENAME>qvector.h</FILENAME>
      <LINE>374</LINE>
      <COLUMN>13</COLUMN>
    </SFA>
    <DEFECTCODE>6011</DEFECTCODE>
    <DESCRIPTION>取消对 NULL 指针“d”的引用。</DESCRIPTION>
    <FUNCTION>QVector&lt;double&gt;::{ctor}</FUNCTION>
    <DECORATED>??0?$QVector@N@@QEAA@AEBV0@@Z</DECORATED>
    <FUNCLINE>361</FUNCLINE>
    <PROBABILITY>1</PROBABILITY>
    <RANK>4</RANK>
    <CATEGORY>
      <RULECATEGORY>mspft</RULECATEGORY>
    </CATEGORY>
    <PATH>
      <SFA>
        <FILEPATH>e:\qt\qt5.8.0\5.8\msvc2015_64\include\qtcore\</FILEPATH>
        <FILENAME>qvector.h</FILENAME>
        <LINE>363</LINE>
        <COLUMN>20</COLUMN>
      </SFA>
      <SFA>
        <FILEPATH>e:\qt\qt5.8.0\5.8\msvc2015_64\include\qtcore\</FILEPATH>
        <FILENAME>qvector.h</FILENAME>
        <LINE>366</LINE>
        <COLUMN>15</COLUMN>
      </SFA>
      <SFA>
        <FILEPATH>e:\qt\qt5.8.0\5.8\msvc2015_64\include\qtcore\</FILEPATH>
        <FILENAME>qvector.h</FILENAME>
        <LINE>371</LINE>
        <COLUMN>14</COLUMN>
      </SFA>
      <SFA>
        <FILEPATH>e:\qt\qt5.8.0\5.8\msvc2015_64\include\qtcore\</FILEPATH>
        <FILENAME>qvector.h</FILENAME>
        <LINE>372</LINE>
        <COLUMN>12</COLUMN>
        <KEYEVENT>
          <ID>1</ID>
          <KIND>分支</KIND>
          <IMPORTANCE>Full</IMPORTANCE>
          <MESSAGE>“d”可能为 NULL (进入此分支)</MESSAGE>
        </KEYEVENT>
      </SFA>
      <SFA>
        <FILEPATH>e:\qt\qt5.8.0\5.8\msvc2015_64\include\qtcore\</FILEPATH>
        <FILENAME>qvector.h</FILENAME>
        <LINE>374</LINE>
        <COLUMN>13</COLUMN>
        <KEYEVENT>
          <ID>2</ID>
          <KIND>分支</KIND>
          <IMPORTANCE>Full</IMPORTANCE>
          <MESSAGE>跳过此分支(假定“d-&gt;alloc”为 false)</MESSAGE>
        </KEYEVENT>
      </SFA>
      <SFA>
        <FILEPATH>e:\qt\qt5.8.0\5.8\msvc2015_64\include\qtcore\</FILEPATH>
        <FILENAME>qvector.h</FILENAME>
        <LINE>374</LINE>
        <COLUMN>13</COLUMN>
        <KEYEVENT>
          <ID>3</ID>
          <KIND>使用情况</KIND>
          <IMPORTANCE>Essential</IMPORTANCE>
          <MESSAGE>已取消对“d”的引用，但可能仍为 NULL</MESSAGE>
        </KEYEVENT>
      </SFA>
    </PATH>
  </DEFECT>
  <DEFECT>
    <SFA>
      <FILEPATH>e:\qt\qt5.8.0\5.8\msvc2015_64\include\qtcore\</FILEPATH>
      <FILENAME>qvector.h</FILENAME>
      <LINE>484</LINE>
      <COLUMN>16</COLUMN>
    </SFA>
    <DEFECTCODE>6011</DEFECTCODE>
    <DESCRIPTION>取消对 NULL 指针“d”的引用。</DESCRIPTION>
    <FUNCTION>QVector&lt;double&gt;::{ctor}</FUNCTION>
    <DECORATED>??0?$QVector@N@@QEAA@H@Z</DECORATED>
    <FUNCLINE>478</FUNCLINE>
    <PROBABILITY>1</PROBABILITY>
    <RANK>4</RANK>
    <CATEGORY>
      <RULECATEGORY>mspft</RULECATEGORY>
    </CATEGORY>
    <PATH>
      <SFA>
        <FILEPATH>e:\qt\qt5.8.0\5.8\msvc2015_64\include\qtcore\</FILEPATH>
        <FILENAME>qvector.h</FILENAME>
        <LINE>480</LINE>
        <COLUMN>4</COLUMN>
      </SFA>
      <SFA>
        <FILEPATH>e:\qt\qt5.8.0\5.8\msvc2015_64\include\qtcore\</FILEPATH>
        <FILENAME>qvector.h</FILENAME>
        <LINE>481</LINE>
        <COLUMN>8</COLUMN>
      </SFA>
      <SFA>
        <FILEPATH>e:\qt\qt5.8.0\5.8\msvc2015_64\include\qtcore\</FILEPATH>
        <FILENAME>qvector.h</FILENAME>
        <LINE>482</LINE>
        <COLUMN>10</COLUMN>
      </SFA>
      <SFA>
        <FILEPATH>e:\qt\qt5.8.0\5.8\msvc2015_64\include\qtcore\</FILEPATH>
        <FILENAME>qvector.h</FILENAME>
        <LINE>483</LINE>
        <COLUMN>8</COLUMN>
        <KEYEVENT>
          <ID>1</ID>
          <KIND>分支</KIND>
          <IMPORTANCE>Full</IMPORTANCE>
          <MESSAGE>“d”可能为 NULL (进入此分支)</MESSAGE>
        </KEYEVENT>
      </SFA>
      <SFA>
        <FILEPATH>e:\qt\qt5.8.0\5.8\msvc2015_64\include\qtcore\</FILEPATH>
        <FILENAME>qvector.h</FILENAME>
        <LINE>484</LINE>
        <COLUMN>16</COLUMN>
        <KEYEVENT>
          <ID>2</ID>
          <KIND>使用情况</KIND>
          <IMPORTANCE>Essential</IMPORTANCE>
          <MESSAGE>已取消对“d”的引用，但可能仍为 NULL</MESSAGE>
        </KEYEVENT>
      </SFA>
    </PATH>
  </DEFECT>
</DEFECTS>