<?xml version="1.0" encoding="UTF-8"?>
<DEFECTS>
  <DEFECT>
    <SFA>
      <FILEPATH>e:\qt\qt5.8.0\5.8\msvc2015_64\include\qtgui\</FILEPATH>
      <FILENAME>qpixelformat.h</FILENAME>
      <LINE>220</LINE>
      <COLUMN>54</COLUMN>
    </SFA>
    <DEFECTCODE>6326</DEFECTCODE>
    <DESCRIPTION>可能会对两个常量进行比较。</DESCRIPTION>
    <FUNCTION>QPixelFormat::resolveByteOrder</FUNCTION>
    <DECORATED>?resolveByteOrder@QPixelFormat@@CA?AW4ByteOrder@1@W421@@Z</DECORATED>
    <FUNCLINE>219</FUNCLINE>
    <PATH></PATH>
  </DEFECT>
</DEFECTS>